map50_95,map50,mar100,precision,recall
0.08201911300420761,0.17146551609039307,0.1987532079219818,0.5773000316155549,0.2595224559408755
